{
  "DISTANCE_TOP": 0.376,
  "DISTANCE_BOTTOM": 0.382,
  "DISTANCE_LEFT": 0.861,
  "DISTANCE_RIGHT": 1.22,
  "ANGLE_BARE_VS_FLEX": 90,
  "Z_AVERAGE_PICKUP_POINTS": [
    0.6069499999999994, 0.5936499999999967, 0.5987899999999984,
    0.6150099999999963
  ],
  "Z_STDDEV_PICKUP_POINTS": [
    0.3558500000000002, 0.3753500000000001, 0.2761499999999959,
    0.36254999999999704
  ],
  "Z_AVERAGE": 15,
  "Z_STDDEV": 20,
  "THICKNESS_LEFT_EDGE": 10,
  "THICKNESS_RIGHT_EDGE": 10,
  "THICKNESS_HV_CAP": 2.2645999999999997,
  "THICKNESS_DATA_CONN": 1.8654499999999983,
  "BACKSIDE_FLATNESS": 0.15,
  "ANGLES": [10, 20]
}
