,train,test,handtest
0,0.3506402,0.45616665,0.3174188
