{
  "unit": {
    "Time": "s",
    "Voltage": "V",
    "Current": "A"
  },
  "V_step": -5,
  "Step_duration": 2,
  "N_measurements_per_step": 10,
  "A_Compliance": 1e-5,
  "Sensor_IV": [
    {
      "Time": 32.52205204963684,
      "Voltage": 0.0,
      "Current_mean": 9.238709499999999e-10,
      "Current_sigma": 4.838748893619471e-10
    },
    {
      "Time": 38.2632200717926,
      "Voltage": -5.0,
      "Current_mean": -1.0161415000000001e-7,
      "Current_sigma": 2.073651332794402e-10
    }
  ]
}
