,train,test,handtest
0,0.35286224,0.4387336,0.31853583
