,train,test,handtest
0,0.34591585,0.44449195,0.32180628
